{
    "weights": [
        59039.389962223766,
        -75510.47296624936,
        -42193.363865330924
    ],
    "bias": 461738.37733812776
}