{
    "mean": {
        "RM": 6.2576675191815845,
        "LSTAT": 12.836598465473147,
        "PTRATIO": 18.441432225063938
    },
    "std": {
        "RM": 0.6741182936165174,
        "LSTAT": 7.127751502179222,
        "PTRATIO": 2.181947376480036
    }
}